<configuration scan="true">

    <!--    <property file="tailclient.properties"/> -->

    <!-- Tail home where the tail client is installed. This property will be
    defined in properties file-->
    <property name="TAIL_HOME" value="."/>

    <contextName>logglytailclient</contextName>
    <appender name="STDOUT" class="ch.qos.logback.core.ConsoleAppender">
        <!-- encoders are assigned the type
             ch.qos.logback.classic.encoder.PatternLayoutEncoder by default -->
        <encoder>
            <pattern>%d{HH:mm:ss.SSS} [%thread] %-5level %logger{36} - %msg%n</pattern>
        </encoder>
    </appender>
    <!-- File Appender -->
    <appender name="FILE" class="ch.qos.logback.core.rolling.RollingFileAppender">
        <file>${TAIL_HOME}/log/tailclient.log</file>
        <rollingPolicy class="ch.qos.logback.core.rolling.FixedWindowRollingPolicy">
            <fileNamePattern>tailclient.%i.log.zip</fileNamePattern>
            <minIndex>1</minIndex>
            <maxIndex>5</maxIndex>
        </rollingPolicy>

        <triggeringPolicy class="ch.qos.logback.core.rolling.SizeBasedTriggeringPolicy">
            <maxFileSize>5MB</maxFileSize>
        </triggeringPolicy>
        <encoder>
            <pattern>%date %level [%thread] %logger{36} - %msg%n</pattern>
        </encoder>
    </appender>

    <appender name="INTFILE" class="ch.qos.logback.core.rolling.RollingFileAppender">
        <file>${TAIL_HOME}/log/tailclientinternal.log</file>
        <rollingPolicy class="ch.qos.logback.core.rolling.FixedWindowRollingPolicy">
            <fileNamePattern>tailclientinternal.%i.log.zip</fileNamePattern>
            <minIndex>1</minIndex>
            <maxIndex>5</maxIndex>
        </rollingPolicy>

        <triggeringPolicy class="ch.qos.logback.core.rolling.SizeBasedTriggeringPolicy">
            <maxFileSize>5MB</maxFileSize>
        </triggeringPolicy>
        <encoder>
            <pattern>%date %level [%thread] %logger{36} - %msg%n</pattern>
        </encoder>
    </appender>

    <logger name="com.loggly.tail.client" level="INFO" >
        <appender-ref ref="FILE"/>
    </logger>
    <root level="INFO">
        <appender-ref ref="INTFILE"/>
    </root>
</configuration>
